{"cameraMode":{"drawMode":0,"name":"Shaded","section":"Shading Mode"},"sceneLighting":false,"audioPlay":false,"sceneViewState":{"m_AlwaysRefresh":false,"showFog":true,"showSkybox":false,"showFlares":true,"showImageEffects":true,"showParticleSystems":true,"showVisualEffectGraphs":true,"m_FxEnabled":true},"in2DMode":false,"pivot":{"x":0.22016870975494386,"y":0.4905613660812378,"z":5.960464477539063e-8},"rotation":{"x":-0.15193165838718415,"y":0.09974171966314316,"z":-0.015410423278808594,"w":-0.9832301139831543},"size":1.7122831344604493,"orthographic":false}